{
  "brain":[
      {
         "triggers":[
            "who are you",
            "tell me about",
            "your name",
           "hi"
 
         ],
         "responses":[
            "Hi….I am Li, the bot that procrastinates…",
           " This is Li, the bot that procrastinates…"
         ]
        
        
      },
    
      {
        
         "triggers":[
            "purpose",
            "get out of",
            "objective",
            "what can i learn",
            "skills",
            "why"
         ],
         "responses":[
            "Students will learn to creatively adopt existing computational technologies to complete artistic projects.",
            "Students will have a better understanding of the process of project development from ideation to completion.",
            "Students will develop a set of skills to build functional chatbots."
         ]
      },
    
    
    
    
    
      {
         "triggers":[
            "how",
            "students do",
            "in class",
            "teaching style",
            "lab",
            "seminar"
         ],
        
         "responses":[
            "The class is very hands-on. There will be lab sessions with demos and coding exercises.",
            "An important part of the class will be lectures and in-class discussions.",
            "Students will be asked to present their homework and get feedback from the rest of the class."
         ]
      }
    ],
  
  
      
      "catchall":[
       " Ahhh… Sorry I don’t understand… Maybe I will respond later someday.",
      "Well… This is a really good question… I will check later."
   ]
    
    
   
  

  
    

    
  
}